experts,is in,fields ranging from physics to electrical engineering
google,instead removed,research paper
achievement,was therefore extract,single electron from billions of atoms
nature,however is governed by,set of rules known as quantum mechanics
team,recently has demonstrated,fully controllable spin register with quantum memory
team,had already shown,operation of quantum bit based upon dipole
researchers,are experimenting,artificial atoms
university,recently received,$ 4 million grant from department
physicists,have realized,stable processing unit of computer
field,steadily oscillates at,very high frequency
ibm,now has,version for clients
google,instead quietly removed,research paper
team,recently has demonstrated,fully controllable ten-qubit spin register
research,was led in,collaboration with colleagues at university
data,is encoded in,quantum mechanical aspects of electron
microsoft,is at,forefront of post quantum solutions
advances,is in,quantum logic gates
photons,are compared with,visibility rate
electrons,be in,places at one time
vuckovic,has focused in,her studies
distance,has now become,big enough for integration with traditional microelectronics
researchers,run algorithms on,module with more qubits including demonstration as part
source,therefore would enable,secure communication
scientists,build quantum computers with,much efficiency than computers
read-out,is in,large dot arrays
development,is considered,advancement in computer processing
entanglement,be used,allow on sides of world
researchers,also applied,method associated with machine
interest,is in,types of semiconductor quantum dots
supercomputers,are still very powerful compared to,quantum computers
atoms,so make,quantum phase transition
researchers,have achieved,quantum logic gate with 99.9 % precision
photon,can transmit,information entangled over long distance via fiber optic cable
university,is with,department of energy 's oak ridge national laboratory
tum,was awarded,contract for cluster of excellence munich center
nature,is governed by,different set of rules
leader,is in,current efforts transform from theoretical curiosity to cutting-edge information technology
ibm,now has,version including jp morgan chase
team,was able in,same way music
team,has demonstrated,fully controllable spin register with quantum memory up
electron,completely changing,properties of electrical system
team,recently has successfully demonstrated,controllable ten-qubit spin register
development,is considered,next major advancement
data,is encoded in,quantum aspects
embedded,can capture,one electron
study,is collaboration between,researchers from arc centre for quantum computation
result,appears in,online version of international journal
experiments,were performed as,collaborative effort between team
particle,is in,quantum walk
institute,likewise published,request in december 2016 asking for input
computers,are predicted,powerful than computers based on physics
team,has successfully demonstrated,ten-qubit spin register with quantum memory
spin,is in,dark state
state,is represented by,amount of energy stored in artificial atom
team,recently has demonstrated,spin register with quantum memory up to one minute
team,recently has demonstrated,controllable spin register
team,had shown,operation of quantum bit based upon dipole of single phosphorus atom
distance,has now become,big enough for integration
need,is in,placement of atoms
photons,are compared with,visibility rate returned in similar research
honeywell,has formed,strategic partnership with chase
that,is in,their quantum states for periods of time
computer,could exceed,computing power of computers
ibm,has taken,large step
that,is in,their quantum states for relatively long periods
eavesdropping,however is used such as,single photon
initiative,comes at,time of national momentum for quantum sciences
researchers,run algorithms on,module with qubits including demonstration of quantum error correction routines
users,can develop,quantum projects in studio environment
storage,is only possible on,very short time scales
systems,are only useful for,specialized workloads
ibm,has recently taken,rather large step
google,are among,tech stalwarts working in field
provided,have demonstrated,new level over photons encoded with quantum information
direction,is known as,electron 's magnetic moment
team,had shown,world-first operation of quantum bit based upon dipole of phosphorus atom
spins,have recently shown,great prom
team,recently has successfully demonstrated,controllable spin register with quantum memory up
versions,were found,marginal as triple quantum dots
storage,is possible on,short time scales
achievement,was therefore extract,single electron from billions
ibm,has released,quantum computer
device,is based on,widely-used semiconductors with minor modifications
nature,however is governed by,set of rules
operations,is in,same si-28 material
researchers,successfully coupled,electron 's spin represented on left to light represented known
team,has struck,$ 83-million aus deal between unsw
electrons,are held in,three dimensional orbits
transmon,is sort of,artificial atom
photons,how alike are compared with,70 percent visibility rate returned in similar research
computers,are predicted,far more powerful
researchers,successfully coupled,single electron 's spin represented on left
ibm,be used for,wider variety of calculations including integer factorization
provided,is now offering,some its enterprise customers ability
ibm,now has,version for corporate clients including jp chase
team,has successfully demonstrated,spin register with quantum memory up
i7,could add,1000 numbers
team,has observed,unique quantum behaviour of pair of spins
data,is processed according to,european law
development,is in,its infancy
researchers,control number compared to,previous studies with precision
results,were presented in,110mk 295μw fd-soi cmos circuit
result,appears in,version of international journal
team,has observed,unique quantum behaviour of pair
computation,is with,error correction
scientists,build quantum computers with,much efficiency than conventional computers
qubits,can reliably store quantum information for,long period of time
things,can in,where can two states simultaneously
sandia,is in,conjunction with harvard
honeywell,has formed,strategic partnership
researchers,also applied,statistical method
systems,further are designed specifically for,quadratic binary optimization
results,were presented in,110mk 295μw fd-soi cmos circuit with 2.8 ghz excitation
future,yet be clarified with,computation with computer
systems,further are designed specifically for,binary optimization
qubits,is in,together scalable way
properties,are identical to,those of silicon
atoms,are ideal for,quantum storage
team,had shown,world-first operation of quantum bit placed near silicon transistor
i7,could add much faster,1000 numbers
childs,is close to,native behavior of quantum computer
elements,is with,just one electron
atom,is same as,other atom of same species
team,has focused on,use of atoms of phosphorus
results,could revolutionize,scientists ' approach
supercomputers,are used for,data processing
team,has successfully demonstrated,controllable spin register with quantum memory up
distance,has now become,big enough
qubits,are smallest unit of,quantum information
initiative,will enable,new research collaborations across campus
information,is organized at,other end
researchers,run algorithms on,module with qubits
photons,are compared with,70 percent visibility rate
research,are buying,quantum computers
systems,are designed specifically for,unconstrained binary optimization
team,had already shown,world-first operation of quantum bit based upon dipole of single phosphorus atom placed near silicon transistor
childs,is close to,native behavior
ibm,also connected,their new processor
physicist,is with,joint appointments in departments of chemistry
google,meanwhile has recently announced,open-source framework
handful,are in,now operation
interactions,is with,their environment
information,is in,individual bits
advances,is in,quantum information science
researchers,successfully coupled,single electron 's spin represented by dot on left to light represented known
attempts,have required,external sources
microwaves,are affected by,spin states in cavity
difference,is particle in,quantum walk
google,presently are developing,their own implementations of quantum computers
compared,can solve,certain types
silicon,is at,center of technology
individual,strongly interacting,quantum systems
things,can in,can two states
scientists,have developed,stable quantum gate for two-quantum bit systems
photons,alike are compared with,70 percent visibility rate returned in research
collaboration,in könig is,professor for theory of complex quantum systems at tum
researchers,successfully coupled,single electron 's spin represented by dot
spin,is like,more magnetic poles
interactions,is with,their surrounding environment
research,is focusing on,potential applications of quantum technology
childs,is close to,behavior of quantum computer
nuclei,with electron is,quantum bit
market,is projected according to,report from quantum technology
collaboration,is with,harvard professors
researchers,have for,first time
electron,is like,bar magnet
team,had already shown,operation of quantum bit based upon dipole of single phosphorus atom
initiative,will enable,new research collaborations
electrons,are surfing on,sound waves
mathematicians,are working on,possible uses for quantum system
photons,how alike are compared with,visibility rate returned in similar research
information,is stored in,spin of electron
systems,is with,many ions
team,had shown,world-first operation of quantum bit based upon dipole of single phosphorus atom
amazon,'s experts is,world-class facility
such,is promise of,secure quantum communication
spins,have recently shown,great prom of quantum networks
bit,can store number in,classical computer
spin,is merged with,strong electromagnetic field
researchers,can manipulate atom with,tightly focused laser beams
researchers,control number compared to,studies with precision
photons,are compared with,visibility rate returned in research
qubits,are unit of,quantum information
project,is with,princeton team
integration,is in,long-distance quantum communications systems
google,are independently developing,their implementations
team,has successfully demonstrated,fully controllable spin register
silicon,is easily accessed by,external photons
researchers,successfully coupled,electron 's spin represented by dot on left to light represented known
transistor,is in,conventional computer
team,has made,major breakthrough concerning one of problems
photons,are compared with,70 percent visibility rate returned in research
team,had shown,operation of quantum bit based upon dipole placed near silicon transistor
use,is in,oil-and-gas processing
research,is now focusing on,potential applications
nuclear,are known for,their stability
storage,is only possible on,time scales
lidar,is leader in,current efforts
ibm,now has,version including jp chase
childs,is close to,relatively behavior
silicon,once again play,vital role
electrons,are in,opposite states
bit,can only store number in,classical computer
qubits,are noisy than,ones used in previous experiments
market,is projected according to,new report
anything,is in,quantum world
distance,has become,big enough for integration
ions,are among,promising platforms
result,is achieved via,multinational collaboration published in nature communications
researchers,technically realizing,quantum bit
qubit,is different than,traditional bit
entanglement,be used,allow on sides
team,had shown,world-first operation of quantum bit based upon magnetic dipole of single phosphorus atom placed near silicon transistor
team,has successfully demonstrated,fully controllable spin register with quantum memory up
systems,be linked despite,their separation
insulators,are materials,that are insulating in their interior
microsoft,announced at_time,last month
creation,could allow for,extraordinary advances
bits,are like,in which atoms
team,recently has demonstrated,controllable spin register with quantum memory up
team,recently has demonstrated,controllable ten-qubit spin register with quantum memory
silicon,is at,now center of technology
researchers,run algorithms on,module with more qubits including demonstration
team,had already shown,world-first operation of quantum bit based upon magnetic dipole placed near silicon transistor
finding,is published in,journal nature
information,is in,quantum bits
scientists,however announced,significant breakthrough
team,had already shown,operation of quantum bit based placed near silicon transistor
systems,are designed specifically for,binary optimization
team,has demonstrated,fully controllable ten-qubit spin register with quantum memory up to one minute
team,had shown,operation of quantum bit based upon magnetic dipole of single phosphorus atom
future,be clarified with,computation with quantum computer
photon,can transmit,information entangled with atom over distance
attempts,have required,light sources
scientists,build quantum computers with,efficiency than conventional computers
advancements,is across,elements of stack
i7,could add together much faster,1000 numbers
silicon,is below,well surface
computers,are predicted,far more powerful than computers based on classical physics
information,is in,binary units
initiative,will enable,research collaborations
team,has successfully demonstrated,fully controllable spin register with quantum memory
team,has constructed,piece of silicon hardware capable
computers,are in,still stages of development
team,has demonstrated,ten-qubit spin register
tum,was awarded,contract for cluster for quantum science
task,is major challenge in,worldwide drive
google,are independently developing,their own implementations
researchers,can manipulate atom with,laser beams
qubits,can store quantum information for,long period
team,recently has demonstrated,ten-qubit spin register with quantum memory up
computers,are predicted,more powerful than computers based on classical physics
childs,is close to,native behavior of computer
setup,additionally meant unlike,observational techniques
downfolding,essentially makes,difficult calculations possible
systems,are designed specifically for,quadratic unconstrained optimization
memory,are in,where two different locations
research,is now focusing on,potential applications of quantum technology
correlations,can play,vital role
computer,just uses bits as,units for calculation processes
aversion,has arisen because of,racial implications
qubits,is in,quantum computer
element,is known as,quantum equivalent to bits used in traditional computers
states,can simultaneously exist in,quantum computer
physicists,have realized,basic processing unit
storage,is possible on,very short time scales
scientists,ever highlighted,potential of quantum computing in 1980s
researchers,are experimenting with,superconducting qubits
bits,are like,in which individual atoms
compared,can solve,types of problems
experiment,is with,third material
photons,are coupled to,quantum system consisting of resonator
memory,is in,few billionths of second
distance,has become,big enough for integration with traditional microelectronics
bits,is in,conventional computing
google,are among,other tech stalwarts
vuckovic,is working with,several research teams
honeywell,has formed,strategic partnership with jpmorgan chase
latter,be used as,robust quantum memory
scientists,were able by,exciting quantum dot with laser
scientists,have developed,quantum gate
researchers,run algorithms on,module with more qubits including demonstration as part of project funded by intelligence
downfolding,essentially makes,calculations possible on test-bed quantum computers
speedup,is for,classes of computation
spin,is sometimes likened to,movement of top
report,said according to,financial times
team,had shown,world-first operation of quantum bit based placed near silicon transistor
researchers,have published paper in,recent issue of nature communications
university,is with,companies like google
researchers,can manipulate atom with,focused laser beams
caltech,'s faraon is,applied physicist
transformation,is in,useful computing resources
vuckovic,took approach in,two other papers
defect,is with,spin state of nitrogen nucleus
ibm,has developed,quantum computer
provided,is offering,some ability
compared,can solve,certain types efficiently
study,was published,dec. 7 in journal science
systems,further are designed for,quadratic unconstrained binary optimization
data,is encoded in,quantum aspects of electron
result,appears in,version of journal
team,had shown,world-first operation of quantum bit based upon dipole of single phosphorus atom placed near silicon transistor
computer,could exceed,computing power of powerful computers
effort,develop quantum computers as,next step
computer,would need with,current quantum bits
team,recently has successfully demonstrated,fully controllable ten-qubit spin register
qubits,can in,can multiple states
team,had already shown,world-first operation of quantum bit based upon magnetic dipole of single phosphorus atom placed near silicon transistor
spin,is sometimes likened to,twirling movement of top
team,has demonstrated,fully controllable spin register with quantum memory up to one minute
team,has observed,quantum behaviour of pair
researchers,run algorithms on,module with qubits including demonstration as part of project
results,were presented in,295μw 28nm cmos circuit with 2.8 ghz excitation
faced,are turning,quantum information technologies
team,has now conceived,unique way
team,had shown,world-first operation placed near silicon transistor
systems,are designed for,quadratic unconstrained optimization
photon,can transmit,information entangled over distance
downfolding,essentially makes,calculations possible on current quantum computers
algorithms,are more feasible than,high-depth ones
field,will look in,near term
market,is projected according to,new report from quantum technology
electron,is trapped in,dark state
atom,was in,when particular quantum state
results,be gathered at,room temperature
laser,hits electron in,quantum system
researchers,have published paper in,issue of nature communications
team,has focused on,use of single atoms of phosphorus
qubits,can store,quantum information
systems,are designed for,unconstrained binary optimization
electron,completely changing,properties of inch-long electrical system
that,is in,their quantum states for long periods
computer,would need with,current state-of-art quantum bits
team,is currently working on,experimental demonstration
photons,alike are compared with,visibility rate returned in similar research
honeywell,has formed,partnership with jpmorgan chase
trapping,is in,particular spin
computer,be size of,football field
supercomputers,are still powerful compared to,quantum computers
institute,likewise published,request asking for input
atom,is excited with,pulse of light
researchers,successfully coupled,single electron 's spin represented by dot on left
cause,is interaction of,electron with nuclei
scientists,were able by,exciting quantum dot
qubits,can in,can states
findings,were published in,journal nature communications
nuclear,are well known for,their exceptional stability
vuckovic,is working with,other research teams
krishnamoorthy,are working through,northwest nexus
data,is read in,classical computing
team,recently has demonstrated,spin register with quantum memory up
team,had already shown,world-first operation of quantum bit based upon dipole of single phosphorus atom
researchers,add qubits for,quantum error correction
google,are developing,their implementations of quantum computers
numbers,are key to,cryptography systems due to their difficulty in calculation
study,is collaboration between,researchers from arc centre of excellence for quantum computation based at unsw
researchers,run algorithms on,module with qubits including demonstration of quantum error correction routines as part of project
microwaves,are affected by,spin states of electrons in cavity
team,has successfully demonstrated,ten-qubit spin register with quantum memory up
computer,could exceed,computing power of powerful classical computers
ions,are among,most promising platforms
researchers,run algorithms on,module with qubits including demonstration as part of project funded by intelligence
systems,are designed for,quadratic binary optimization
memory,are in,two locations
research,is driving,great deal of investment from universities
taminiau,successfully developed,new method
scientists,have developed,stable quantum gate for bit systems made of silicon
result,is achieved via,collaboration published in nature communications
imperfections,is in,silicon devices
downfolding,essentially makes,difficult calculations possible on current quantum computers
provided,have demonstrated,level of control over photons encoded with quantum information
lidar,was exposed as,son of two scientists
bits,are like,individual atoms
researchers,have developed,new way
team,had shown,world-first operation of quantum bit based upon dipole placed near silicon transistor
things,can in,can two states simultaneously
computing,completely transformed,human race
ibm,is working with,national institute of standards
researchers,run algorithms on,module with qubits including demonstration of quantum error correction routines as part
ibm,has developed,5-qubit quantum computer
source,would enable,secure communication
team,has made,major breakthrough concerning one biggest problems
team,has successfully demonstrated,spin register with quantum memory up to one minute
photons,how alike are compared with,visibility rate
study,is collaboration between,researchers from arc centre of excellence
team,recently has successfully demonstrated,ten-qubit spin register with quantum memory up
results,were presented in,295μw fd-soi cmos circuit with 2.8 ghz excitation
team,had already shown,operation placed near silicon transistor
downfolding,essentially makes,difficult calculations possible on test-bed quantum computers
team,had already shown,world-first operation of quantum bit based upon dipole of phosphorus atom
researchers,have created,strategies deal
team,has demonstrated,ten-qubit spin register with quantum memory
team,has demonstrated,controllable spin register with quantum memory up to one minute
initiative,comes at,time of momentum for quantum sciences
physicists,have realized,stable basic processing unit of quantum computer
team,has observed,quantum behaviour
versions,were found,marginal as quantum dots
nature,is governed by,different set of rules known as quantum mechanics
results,were presented in,110mk 295μw 28nm cmos circuit with 2.8 ghz excitation
numbers,are key to,cryptography systems due
team,had shown,world-first operation of quantum bit based upon magnetic dipole of phosphorus atom placed near silicon transistor
compared,can solve,types of problems more efficiently
scientists,have developed,quantum gate for two-quantum bit systems
researchers,run algorithms on,module with more qubits including demonstration of quantum error correction routines as part of project
attempts,have required,external light sources
team,had already shown,world-first operation of quantum bit based upon magnetic dipole of phosphorus atom placed near silicon transistor
distance,has now become,big enough for integration with microelectronics
operations,were done with,very high fidelity
photon,can transmit,information entangled over distance via fiber optic cable
findings,were published in,journal nature communications in june 2018
team,had shown,operation of quantum bit based upon magnetic dipole of single phosphorus atom placed near silicon transistor
results,were limited to,few qubits
team,recently has demonstrated,fully controllable ten-qubit spin register with quantum memory
scientists,have developed,stable quantum gate
development,is considered,major advancement in computer processing
design,could also have,applications in future quantum information devices
vuckovic,has focused in,her own studies
physicists,have realized,stable basic processing unit
team,recently has successfully demonstrated,spin register with quantum memory
systems,further are designed specifically for,quadratic optimization
tech,is anticipating,quantum computing age
research,was reported in,journal nature on oct. 18
scientists,build quantum computers with,greater efficiency than conventional computers
fine-tuning,can prolong,quantum state
study,'s author is,dr. helge hattermann
researchers,control number compared to,previous studies with high precision
team,has focused,embedded inside silicon chip similar to those used in computers
team,has constructed,key piece of silicon hardware
electron,almost completely changing,properties of inch-long system
photons,alike are compared with,visibility rate
team,recently has demonstrated,ten-qubit spin register
result,appears in,online version of journal
qubits,can store quantum information for,period of time
that,is in,their quantum states
electron,is able in,its exact quantum state
computers,are in,still early stages of development
latter,be used as,quantum memory
applications,is in,code breaking
team,has observed,quantum behaviour of pair of spins
team,has demonstrated,controllable ten-qubit spin register with quantum memory
memory,are in,two different locations
systems,are designed specifically for,quadratic optimization
results,were presented in,110mk 295μw cmos circuit
systems,further are designed specifically for,quadratic unconstrained optimization
team,recently has successfully demonstrated,controllable ten-qubit spin register with quantum memory up to one minute
provided,have demonstrated,level of control
spins,have shown,great prom of quantum networks
microcontroller,may compare,two input pins
superposition,is state for,qubit exhibit
that,is in,their quantum states for relatively long periods of time
provided,have demonstrated,new level
team,had shown,operation of quantum bit based upon magnetic dipole of phosphorus atom
groups,are building,quantum systems with ions
team,is currently working on,demonstration of their ideas
engineers,have for,first time
nothing,is in,more than location of electron one of two energy pockets
result,is achieved via,collaboration with purdue university now published in nature communications
conjecture,have now conclusively demonstrated,advantage of quantum computers
team,recently has demonstrated,fully controllable spin register with quantum memory up
device,is based on,semiconductors with modifications
industries,are working with,materials science
vuckovic,is working with,research teams
ibm,recently has recently taken,large step
study,is published in,nature photonics
qubits,can reliably store,quantum information
team,has made,major breakthrough concerning one problems
university,recently received,$ 4 million grant from department of energy
photons,are compared with,70 percent visibility rate returned in similar research
team,had shown,operation of quantum bit based upon dipole
findings,were published in,scientific journal nature communications
team,had shown,world-first operation of quantum bit based upon dipole of phosphorus atom placed near silicon transistor
cause,is interaction of,quantum bit
team,recently has demonstrated,spin register with quantum memory
provided,have demonstrated,level over photons
team,had already shown,operation of quantum bit
systems,are designed specifically for,unconstrained optimization
donors,is in,silicon controlled by hyperfine interactions
errors,is in,quantum systems
university,dramatically reduce,effects of noise
ibm,is also partnering with,delta air lines
provided,have used,sound waves
ibm,recently has taken,large step
silicon,be crafted into,dazzling array of complex structures
compared,can solve,types efficiently
atoms,do make,functional computer
team,has successfully demonstrated,controllable spin register with quantum memory
computers,are predicted,powerful than computers based on classical physics
conjecture,have conclusively demonstrated,advantage of quantum computers
team,had already shown,world-first operation of quantum bit
effort,develop quantum computers as,step in computing power
team,has successfully demonstrated,controllable ten-qubit spin register with quantum memory
activity,is in,my field
electrons,move away from,bottom capacitor plate
qubits,are analogous to,bits in conventional computing
team,had already shown,operation of quantum bit based upon magnetic dipole placed near silicon transistor
krishnamoorthy,are working through,quantum nexus
distance,has become,big enough
team,has demonstrated,ten-qubit spin register with quantum memory up
team,had already shown,world-first operation of quantum bit based upon magnetic dipole of single phosphorus atom
vuckovic,has focused on,one aspect
i7,could add together faster,1000 numbers
team,recently has successfully demonstrated,controllable spin register with quantum memory
qubits,can exist in,state like bits
researchers,have used in,previously steel 's lab
computer,could exceed,computing power of current classical computers
researchers,also applied,statistical method associated with machine
users,can develop,quantum projects in visual studio environment
defects,is in,other semiconductors
computers,already displaying,computing speeds
provided,have demonstrated,level of control over photons
researchers,successfully coupled,single electron 's spin
researchers,is with,diverse expertise
team,had shown,operation of quantum bit based upon dipole of single phosphorus atom placed near silicon transistor
researchers,have achieved,quantum logic gate
computers,are predicted,far more powerful than computers based on physics
request,is in,december 2016
atom,was in,when quantum state
team,recently has successfully demonstrated,controllable ten-qubit spin register with quantum memory
downfolding,essentially makes,calculations possible on quantum computers
information,is with,electron qubit
team,has made,breakthrough concerning one of problems
photon,can transmit,information entangled with atom over long distance via fiber optic cable
google,presently are developing,their own implementations
i7,could add faster,1000 numbers
systems,further are designed specifically for,unconstrained binary optimization
team,had already shown,world-first operation of quantum bit based placed near silicon transistor
storage,is only possible on,short time scales
team,had shown,world-first operation
memory,are in,where two different physical locations
ibm,have announced in,past months
contenders,are currently studied at,center for quantum devices
researchers,have used laser in,previously steel 's lab
electron,is able in,its quantum state
google,are developing,their own implementations
team,had shown,world-first operation of quantum bit based upon magnetic dipole
computer,would need,size of football field
qubits,are less noisy than,ones used in previous experiments
complexity,could lead as,as system
ibm,has released,5-qubit quantum computer
powerful,also makes,them likely
state,is represented by,amount of energy
results,were presented in,110mk 295μw 28nm cmos circuit
electron,are configured inside,pure si-28
superposition,is normal state for,qubit exhibit
compared,can solve,types more efficiently
two,were capable of,room temperature operation
microsoft,is at,forefront of developing post quantum cryptographic solutions
team,has struck,aus deal between unsw
users,will have,opportunity contribute
computers,are known,solve quickly
photons,alike are compared with,70 percent visibility rate
colleagues,have proposed,new way
childs,is close to,relatively native behavior of computer
everything,be compatible with,quantum systems
team,has demonstrated,controllable ten-qubit spin register with quantum memory up
faced,are turning quantum information technologies toward,radically new paradigm
team,recently has demonstrated,fully controllable spin register with quantum memory up to one minute
numbers,are key to,modern cryptography systems due
entanglement,be used,allow on different sides
team,recently has successfully demonstrated,fully controllable spin register
application,is reliant on,control flow
results,were presented in,295μw fd-soi cmos circuit
physicists,have realized,basic processing unit of quantum computer
researchers,run algorithms on,module with more qubits including demonstration of quantum error correction routines as part of project funded by intelligence
achievement,was therefore extract,electron from billions
improvements,will accelerate,development of technologies
groups,are building,quantum systems
team,had shown,operation of quantum bit based placed near silicon transistor
electrons,so will settle depending,depending their energy level
researchers,is in,quantum dynamics unit
researchers,successfully coupled,single electron 's spin represented on left to light represented known
researchers,have created,strategies deal with noise
team,has made,breakthrough concerning one problems
researchers,can manipulate,individual atom
honeywell,has formed,partnership with chase
researchers,have used in,steel 's lab
dot,just adding,one spin qubit
distance,has become,big enough for integration with microelectronics
photons,how alike are compared with,70 percent visibility rate
team,has demonstrated,spin register
direction,is known as,electron 's moment
particle,is in,quantum state
research,was reported in,journal nature
spins,have shown,prom of quantum networks
supercomputers,currently are used for,data processing
google,has truly reached,quantum supremacy
insulators,are electronic materials,that are insulating in their interior
breakthrough,is in,use of diamond
team,had shown,world-first operation of quantum bit based upon dipole
scientists,have developed,stable quantum gate for bit systems
scientists,build quantum computers with,much greater efficiency
microwaves,are affected by,spin states of electrons
team,had already shown,operation of quantum bit based upon dipole of single phosphorus atom placed near silicon transistor
nuclear,are well known for,their stability
spins,can have,lifetime of up to one minute
task,is challenge in,worldwide drive
team,has demonstrated,spin register with quantum memory up
team,had shown,operation of quantum bit placed near silicon transistor
team,has successfully demonstrated,fully controllable spin register with quantum memory up to one minute
ibm,be used for,wider variety of calculations
task,effectively preserving,quantum information in quantum memory
team,has demonstrated,fully controllable spin register
vuckovic,is working with,several other research teams
compared,can solve,certain types more efficiently
team,had shown,operation of quantum bit based upon magnetic dipole of phosphorus atom placed near silicon transistor
downfolding,essentially makes,calculations possible
silicon,be crafted into,array of complex structures
execution,is in,such way
scientists,were able by,quantum dot with laser
systems,further are designed specifically for,quadratic unconstrained binary optimization
google,presently are independently developing,their implementations
team,has demonstrated,spin register with quantum memory up to one minute
team,was able in,way music
computers,are predicted,more powerful than computers based on physics
sutor,says in,way atoms
qubit,of state is,quantum 0
computer,just has,transistors connected by current flowing through wires
team,can reconfigure,pattern of atoms
ibm,now has,version for corporate clients including jp morgan chase
billions,is in,your laptop
systems,are designed for,quadratic optimization
team,had shown,world-first operation of quantum bit based upon magnetic dipole placed near silicon transistor
team,had already shown,world-first operation of quantum bit based upon dipole of phosphorus atom placed near silicon transistor
qubits,are noisy than,ones used in experiments
study,is collaboration between,researchers from arc centre
team,recently has demonstrated,controllable ten-qubit spin register
team,recently has successfully demonstrated,ten-qubit spin register with quantum memory
silicon,has started for,its uses
findings,are published in,june 25 edition
breakthrough,is in,quantum science
google,quietly removed,research paper
physicists,have realized,processing unit
development,is considered,next major advancement in computer processing
computer,could process numbers in,its memory simultaneously
initiative,comes at,time of momentum
team,has demonstrated,controllable spin register with quantum memory up
study,is collaboration between,researchers from arc centre of excellence based at unsw
ibm,is working with,national institute
development,is considered,major advancement
team,recently has demonstrated,ten-qubit spin register with quantum memory
silicon,be crafted into,array of structures
that,is important step toward,coupling spin
ibm,is working with,institute of standards
transistors,have miniaturised over,last 60 years
team,has successfully demonstrated,controllable ten-qubit spin register with quantum memory up
advancements,would lead to,breakthrough in integer factorization
team,has made,major breakthrough concerning one of biggest problems
contenders,are intensely studied at,center for quantum devices
supercomputers,are very powerful compared to,quantum computers
initiative,comes at,time of national momentum
team,was able in,science advances paper
silicon,be crafted into,dazzling array of complex electronic structures
research,is focusing on,potential applications
researchers,replace carbon atoms in,diamond with silicon atoms
computer,could process numbers in,its memory
engineers,have made faster,computers smaller
researchers,control number compared to,previous studies with remarkably high precision
team,has focused,embedded inside silicon chip similar
achievement,was therefore extract,single electron from billions of atoms of silicon piece
physicists,have demonstrated,new way
photon,can transmit,information entangled with atom
team,recently has demonstrated,fully controllable ten-qubit spin register with quantum memory up
researchers,have achieved,quantum logic gate with record-breaking 99.9 % precision
contenders,are currently intensely studied at,center for quantum devices
team,recently has successfully demonstrated,fully controllable ten-qubit spin register with quantum memory up
systems,are useful for,specialized workloads
computers,are in,still early stages
team,had already shown,world-first operation of quantum bit placed near silicon transistor
team,recently has successfully demonstrated,spin register with quantum memory up
that,is step toward,coupling spin
material,is with,regular atomic lattice like girders of skyscraper
supercomputers,are powerful compared to,quantum computers
advancements,theoretically would lead to,breakthrough in integer factorization
team,have created,pyramid structures
spin,is likened to,twirling movement
experts,is in,areas like quantum chemistry
researchers,have created,strategies how deal
spin,is in,predetermined direction
google,are among,tech stalwarts
memory,are in,two different physical locations
university,recently received,grant from department of energy
store,is in,scalable way
team,has successfully demonstrated,controllable spin register
team,recently has demonstrated,spin register
study,is collaboration between,researchers from arc centre of excellence for quantum computation
faced,are turning quantum information technologies toward,new paradigm
electron,completely changing,properties of system
team,is working on,experimental demonstration
nature,is governed by,different set
system,was flaw in,diamond known as nitrogen-vacancy center
systems,are designed specifically for,quadratic unconstrained binary optimization
silicon,is at,now center of technology with computers
provided,is now offering,some ability
lidar,was exposed to,scientific thinking
university,dramatically reduce,effects of such noise
users,run algorithms on,ibm 's quantum processor
storage,is possible on,time scales
systems,further are designed for,binary optimization
computer,would need with,quantum bits
silicon,however has started for,its uses
ibm,has recently taken,large step
eternity,is in,quantum world
system,can go for,first time into strong-coupling territory
researchers,have used laser in,steel 's lab
system,can go for,time into strong-coupling territory
photon,can transmit,information entangled over long distance via fiber cable
ibm,has taken,rather large step
team,recently has successfully demonstrated,fully controllable spin register with quantum memory up to one minute
team,had shown,operation placed near silicon transistor
scientists,is example of,rochester 's initiative
that,is in,their quantum states for long periods of time
results,will appear,june 19 in journal nature communications
eavesdropping,is used such as,single photon
provided,have successfully used,sound waves
google,presently are independently developing,their own implementations of quantum computers
provided,have demonstrated,new level of control over photons encoded with quantum information
aversion,has also arisen because of,racial implications
element,is known as,quantum equivalent to bits
techrepublic,has cheat sheet for,more information on how d-wave products differ from other quantum computers
childs,is close to,relatively behavior of computer
ibm,now has,version for clients including jp chase
research,was led in,collaboration with colleagues
electron,completely changing,properties of inch-long system
result,is achieved via,multinational collaboration
team,had already shown,world-first operation of quantum bit based upon dipole
researchers,have published,paper on quantum light source
systems,further are designed for,unconstrained optimization
team,is working on,experimental demonstration of their ideas
that,is important step toward,coupling spin to light
study,is collaboration between,researchers based at unsw
trend,is in,increasing computer power such use of hardware solutions
device,is based on,widely-used semiconductors with modifications
achievement,was therefore extract,electron from billions of atoms of silicon piece
team,has focused,embedded inside silicon chip
tolerance,is in,atom 's placement
breakthrough,is in,integer factorization
downfolding,essentially makes,calculations possible on current test-bed quantum computers
team,has successfully demonstrated,fully controllable ten-qubit spin register with quantum memory up
system,can go for,first time
team,recently has demonstrated,controllable spin register with quantum memory up to one minute
researchers,have achieved,quantum logic gate with precision
researchers,successfully coupled,single electron 's spin represented by dot on left to light
silicon,be crafted into,dazzling array
downfolding,essentially makes,difficult calculations possible on current test-bed quantum computers
team,recently has demonstrated,ten-qubit spin register with quantum memory up to one minute
research,is driving,deal of investment from universities
research,was led in,collaboration with colleagues at university of konstanz
computer,just has,transistors connected by current flowing
spins,have shown,great prom
scientists,build quantum computers with,much efficiency
results,were presented in,295μw cmos circuit with 2.8 ghz excitation
team,had already shown,world-first operation of quantum bit based upon dipole placed near silicon transistor
development,is in,still its infancy
ibm,be used for,variety of calculations
computers,are in,early stages
provided,have demonstrated,new level of control
scientists,build quantum computers with,efficiency than computers
system,can go for,first time into territory
use,is in,academic laboratory
team,has successfully demonstrated,controllable ten-qubit spin register
team,has constructed,key piece of silicon hardware capable
ibm,has taken,lead with their 17-qubit quantum computer
spin,is likened to,movement of top
experiments,were performed as,collaborative effort between team led by morello
researchers,control number compared to,previous studies
properties,are identical to,those of natural silicon
downfolding,essentially makes,difficult calculations possible on quantum computers
data,is encoded in,quantum mechanical aspects
taminiau,successfully developed,his colleagues
team,has observed,quantum behaviour of pair of spins in silicon
leader,is in,quantum information science
team,recently has demonstrated,controllable spin register with quantum memory
team,had shown,operation of quantum bit based upon dipole of phosphorus atom
google,are startups such as,d-wave systems
achievement,was therefore extract,electron from billions of atoms
university,recently received,$ 4 million grant
development,is considered,next advancement in computer processing
ibm,has just taken,lead with their quantum computer
ibm,also connected,their processor
researchers,have achieved,quantum logic gate with record-breaking precision
awschalom,is director of,professor of physics
objects,even separated by,huge distances
result,is achieved via,collaboration with purdue university
google,are independently developing,their own implementations of quantum computers
researchers,successfully coupled,electron 's spin represented by dot on left
google,are independently developing,their implementations of quantum computers
road,hinges upon,achievement of quantum error correction
photon,can transmit,information entangled with atom over long distance
study,is collaboration between,researchers from arc centre for quantum computation based at unsw
photon,can transmit,information entangled with atom over distance via fiber cable
team,recently has successfully demonstrated,ten-qubit spin register
memory,are in,where two physical locations
correlations,is in,noise environment
institute,likewise published,request in december 2016 asking for public input
spin,is merged together with,strong electromagnetic field
researchers,successfully coupled,electron 's spin represented by dot on left to light
ucsb,'s center is,professor of physics
computers,are in,still stages
systems,further are designed for,quadratic binary optimization
researchers,successfully coupled,electron 's spin represented by dot
team,recently has demonstrated,controllable ten-qubit spin register with quantum memory up to one minute
photons,how alike are compared with,visibility rate returned in research
memory,is in,regular classical computer
ibm,is partnering with,delta air lines
researchers,successfully coupled,electron 's spin
ibm,recently has recently taken,rather large step
team,has demonstrated,fully controllable ten-qubit spin register with quantum memory up
photon,can transmit,information entangled over long distance
ibm,recently has taken,rather large step
achievement,was therefore extract,single electron
chip,is with,superconducting microwave resonator
silicon,be crafted into,dazzling array of structures
nature,is governed by,set of rules known as quantum mechanics
electrons,is in,real atom
operations,have in,quantum mechanics
fraunhofer,are getting,first quantum computer
result,appears in,online version
ibm,is with,15 deployed quantum systems
results,were presented in,295μw 28nm cmos circuit
nobody,had considered,potential for quantum viruses
impurities,are common in,semiconductor devices
lidar,was constantly exposed to,scientific thinking
qubits,can reliably store quantum information for,period of time
researchers,control behaviour with,99.5 percent efficiency
lidar,was constantly exposed as,son of two scientists
atoms,are placed,close together
physicists,can create,position-dependent field
interview,is with,techrepublic 's nick heath
compared,can solve,certain types of problems more efficiently
team,has demonstrated,spin register with quantum memory
computer,could exceed,computing power of current computers
numbers,are key to,modern cryptography systems due to their difficulty in calculation
team,has successfully demonstrated,controllable spin register with quantum memory up to one minute
electrons,be in,multiple places at one time
team,has focused on,use of atoms
awschalom,is director of,ucsb 's center
experiments,were performed as,collaborative effort
google,are developing,their own implementations of quantum computers
electron,almost completely changing,properties of electrical system
ibm,have announced in,past few months
team,had already shown,operation of quantum bit based upon magnetic dipole of single phosphorus atom
researchers,run algorithms on,module with qubits including demonstration of quantum error correction routines as part of project funded by intelligence
market,is projected according to,report from inside quantum technology
spintronics,for center is,professor of physics
breakthroughs,is in,advanced material research
ibm,is helping over,three decades
things,is in,quantum chemistry
atoms,is in,optical cavities
information,is in,form of electron
computer,just has,transistors connected by flowing through wires
techrepublic,has cheat sheet for,information on how d-wave products differ from other quantum computers
discovery,may earn,silicon carbide
experiments,were performed as,effort between team
bits,take form in,today 's desktop computers
provided,have demonstrated,new level over photons
computers,are predicted,far more powerful than computers
collaboration,is with,david gosset from institute for quantum computing at university of waterloo from ibm
development,is considered,next advancement
computing,has given rise to,key technologies
physicists,have realized,processing unit of computer
dot,just adding,one extra spin qubit
experiments,were performed as,effort between team led by morello
team,had shown,world-first operation of quantum bit
defects,may offer,technologically attractive qualities
researchers,will begin in,coming months
provided,have demonstrated,level over photons encoded with quantum information
team,has demonstrated,fully controllable ten-qubit spin register
results,were limited to,just qubits
mathematicians,are still working on,possible uses for quantum system
source,would enable,perfectly secure communication
spin,is like,magnetic poles
computers,are in,stages of development
study,was published,dec. 7
numbers,are key to,modern cryptography systems
childs,is close to,behavior of computer
university,dramatically reduce,effects of such environmental noise
future,be clarified with,computation with computer
systems,be linked despite,their physical separation
team,has demonstrated,controllable spin register
silicon,once again play role in,development of super-fast computers
field,steadily oscillates at,high frequency
silicon,is at,now center
microsoft,is at,forefront of post quantum cryptographic solutions
silicon,be crafted into,array of complex electronic structures
spin,is merged with,strong field
atom,always reflects,state of another
scientists,have developed,quantum gate for bit systems
defects,may offer,many technologically attractive qualities
simulation,be performed in,2 1/2 days
team,has observed,unique quantum behaviour
electron,almost completely changing,properties of system
breakthroughs,is in,design of new materials
numbers,are key to,cryptography systems
team,had already shown,operation of quantum bit based upon dipole of phosphorus atom
initiative,will enable,research collaborations across campus
nature,however is governed by,different set
childs,is close to,relatively native behavior
team,had already shown,world-first operation of quantum bit based upon magnetic dipole
physicists,have realized,stable processing unit of quantum computer
task,effectively preserving,quantum information
stability,are vital for,performance of quantum computer
photons,alike are compared with,visibility rate returned in research
potential,be immobilized,serve as quantum bits
such,is promise of,quantum communication
provided,have demonstrated,new level of control over photons
result,is achieved via,multinational collaboration now published in nature communications
computing,has given rise to,many key technologies
research,are buying quantum computers for,on-premise use
nuclear,are known for,their exceptional stability
tum,was awarded,contract for cluster of excellence munich center for quantum science
vuckovic,has focused in,her studies of nearly 20 years
team,had shown,operation of quantum bit
researchers,between collaboration is,australian national university
user,tailors measurement instructions to,state of qubit
researchers,successfully coupled,electron 's spin represented on left
microsoft,is at,forefront of developing post quantum solutions
things,can in,where can two states
team,has built,dynamic user interface
compared,can solve,certain types of problems
that,is step toward,coupling spin to light
team,recently has successfully demonstrated,controllable spin register with quantum memory up to one minute
collaboration,is with,colleagues at university of konstanz
computer,just uses bits as,basic units for calculation processes
researchers,run algorithms on,module with more qubits including demonstration of quantum error correction routines as part
findings,are published in,june 25 edition of nature
microwaves,are affected by,spin states
result,is achieved via,multinational collaboration with purdue university now published in nature communications
enzyme,is subject of,intense study
google,presently are independently developing,their own implementations
improvements,will greatly accelerate,development of quantum-based technologies
research,is driving,deal of investment
conjecture,have now demonstrated,advantage of quantum computers
team,had shown,world-first operation of quantum bit based upon magnetic dipole of single phosphorus atom
photons,how alike are compared with,70 percent visibility rate returned in research
diamond,is with,individual silicon atoms
team,has successfully demonstrated,ten-qubit spin register with quantum memory up to one minute
team,had shown,operation of quantum bit based upon magnetic dipole placed near silicon transistor
childs,is close to,relatively behavior of quantum computer
conjunction,is with,harvard university
google,meanwhile has announced,open-source framework
silicon,is accessed by,external photons
electrons,move away from,capacitor plate
team,has demonstrated,controllable spin register with quantum memory
team,has conceived,unique way
compared,can solve,certain types of problems efficiently
researchers,control number compared to,studies with high precision
results,are reported in,journal nature communications
memory,are in,two physical locations
spins,have recently shown,prom of quantum networks
qubits,can store quantum information for,long period of time
taminiau,successfully developed,entirely new method
physicists,can create,magnetic field
number,are acted at,same time
researchers,including team is,sent high-frequency sound waves across modified semiconductor device direct
engineers,have made,computers smaller
scientists,build quantum computers with,much greater efficiency than computers
researchers,also applied,method associated with machine learning
computer,could exceed,computing power of powerful current classical computers
research,is driving,great deal of investment
vuckovic,took approach in,two papers
things,is with,quantum computers
computer,would need with,state-of-art quantum bits
team,has made,breakthrough concerning one of biggest problems
buyer,'s guide is,free pdf
top,across wires is,just fraction of width of human hair
google,presently are independently developing,their implementations of quantum computers
applications,is in,economic modelling
scientists,build quantum computers with,greater efficiency
ibm,be used for,variety of calculations including integer factorization
integration,is with,traditional microelectronics
team,recently has successfully demonstrated,fully controllable ten-qubit spin register with quantum memory
researchers,also applied,statistical method associated with machine learning
team,recently has demonstrated,controllable ten-qubit spin register with quantum memory up
element,is known as,quantum equivalent
electrons,are held in,three orbits
team,has successfully demonstrated,fully controllable ten-qubit spin register
latter,be used as,very robust quantum memory
team,has successfully demonstrated,fully controllable ten-qubit spin register with quantum memory up to one minute
team,has struck,aus deal
institute,likewise published,request in december 2016
results,have fallen on,fertile ground
result,is achieved via,collaboration with purdue university published in nature communications
scientists,have developed,quantum gate for two-quantum bit systems made of silicon
photons,are coupled to,quantum system
team,is working on,demonstration of their ideas
electrons,be in,multiple places
physicists,have realized,stable basic processing unit of computer
computer,could exceed,computing power
university,dramatically reduce,effects of environmental noise
future,yet be clarified with,computation with quantum computer
calculations,is in,quantum computers
team,recently has demonstrated,fully controllable spin register
researchers,can use,additional laser signals
team,has successfully demonstrated,controllable ten-qubit spin register with quantum memory up to one minute
team,has demonstrated,fully controllable spin register with quantum memory
team,has made,breakthrough concerning one biggest problems
era,is in,quantum technology
photon,can transmit,information entangled over distance via fiber cable
research,is driving,great deal
compared,can solve,types of problems efficiently
advances,is in,areas such materials science
atom,was in,quantum state
nature,however is governed by,different set of rules known as quantum mechanics
systems,are designed for,unconstrained optimization
google,has announced,open-source framework
photons,are taking,different paths
fidelities,are above,99 percent
team,had already shown,world-first operation placed near silicon transistor
team,has successfully demonstrated,spin register
photons,alike are compared with,70 percent visibility rate returned in similar research
team,has focused on,use of single atoms
ibm,now has,version for clients including jp morgan chase
fraunhofer,are getting,quantum computer
use,is in,early-stage commercial quantum computer prototypes from ibm
team,has built,user interface
team,had already shown,operation of quantum bit based upon magnetic dipole of single phosphorus atom placed near silicon transistor
spin,is merged together with,electromagnetic field
physicists,have realized,stable processing unit
google,has recently announced,open-source framework
differences,is in,d-wave 's definition of qubit relative to rest of quantum computing industry
spin,is sometimes likened to,twirling movement
samsung,is working with,q system one over cloud
use,is in,quantum physics
elements,is in,their outer shells
fraction,is with,periodic nano-patterning sculpted from piece of crystal
ibm,is helping over,three decades later
institute,likewise published,request asking for public input
samsung,is working with,q system one
lecturer,is in,applied mathematics
childs,is close to,relatively native behavior of quantum computer
idea,being done,faster unimaginable
scientists,can excite,ytterbium ion
result,is achieved via,collaboration now published in nature communications
silicon,be crafted into,array of electronic structures
provided,is offering,some of its enterprise customers ability
team,has struck,$ 83-million aus deal
contenders,are studied at,center for quantum devices
transistors,just have miniaturised over,last 60 years
google,are among,other tech stalwarts working in field
researchers,replace carbon atoms in,diamond with individual silicon atoms
atoms,so make,quantum phase transition to something similar
photon,can transmit,information entangled with atom over long distance via fiber cable
ibm,now has,version for corporate clients
researchers,have published paper in,recent issue
scientists,build quantum computers with,greater efficiency than computers
powerhouse,is in,quantum research
numbers,are key to,modern cryptography systems due to their difficulty
setup,additionally meant unlike,other techniques
effort,develop quantum computers as,next step in computing power
team,has successfully demonstrated,fully controllable ten-qubit spin register with quantum memory
consumer,is with,retirement fund
team,has successfully demonstrated,spin register with quantum memory
computers,are predicted,more powerful
scientists,have developed,stable quantum gate for two-quantum bit systems made of silicon
team,recently has successfully demonstrated,controllable ten-qubit spin register with quantum memory up
interest,is in,recent years
element,is known as,quantum equivalent to bits used in computers
provided,is offering,some its enterprise customers ability
module,is with,more qubits
google,are developing,their implementations
google,has reached,quantum supremacy
krishnamoorthy,are working through,northwest quantum nexus
atoms,so make,quantum phase transition to something
team,recently has successfully demonstrated,fully controllable ten-qubit spin register with quantum memory up to one minute
team,had shown,operation of quantum bit based upon dipole of phosphorus atom placed near silicon transistor
computation,is with,quantum computer
electrons,will settle depending,depending their energy level
networks,would open door to,several applications
scientists,is in,vienna research group
systems,further are designed for,quadratic optimization
device,is built upon,silicon technology
systems,further are designed for,unconstrained binary optimization
nature,is governed by,set of rules
information,is in,quantum states
physicists,can create,position-dependent magnetic field
resonance,is with,light particle
source,therefore would enable,perfectly secure communication
electron,almost completely changing,properties of inch-long electrical system
silicon,once again play role in,development of computers
team,recently has demonstrated,fully controllable ten-qubit spin register with quantum memory up to one minute
states,can exist in,quantum computer
cavity,is with,mirrors on ends
system,can go for,time into territory
researchers,successfully coupled,electron 's spin represented on left to light
others,are based on,superconducting loops
computer,could exceed,computing power of classical computers
access,is with,multiple quantum computers
decades,is with,promise of success
researchers,have begun at,tu wien
mathematicians,are working on,possible uses
systems,further are designed for,quadratic unconstrained optimization
operations,were done with,high fidelity
team,recently has successfully demonstrated,spin register with quantum memory up to one minute
provided,has created,17-qubit quantum computer
switch,is on,actually changes
computers,are predicted,powerful than computers
interaction,is with,surrounding environment
team,had shown,world-first operation of quantum bit based upon magnetic dipole of phosphorus atom
team,has demonstrated,ten-qubit spin register with quantum memory up to one minute
silicon,be crafted into,dazzling array of electronic structures
team,has made,major breakthrough
team,had shown,operation of quantum bit based upon magnetic dipole
team,has constructed,piece of silicon hardware
leap,is in,silicon spin qubits
researchers,run algorithms on,module with more qubits
canada,is powerhouse in,quantum research
defects,is in,silicon carbide
results,were presented in,110mk 295μw cmos circuit with 2.8 ghz excitation
vuckovic,has focused on,one aspect of challenge
memory,are in,where two locations
algorithms,are feasible than,high-depth ones
results,were presented in,295μw cmos circuit
tum,was awarded,contract for cluster
physicists,have realized,basic processing unit of computer
ibm,be used for,wider variety
atom,was in,particular quantum state
researchers,run algorithms on,module with more qubits including demonstration as part of project
team,had already shown,operation of quantum bit placed near silicon transistor
device,is built upon,standard silicon technology
team,will publish,results of experiment
team,has demonstrated,controllable ten-qubit spin register with quantum memory up to one minute
provided,has created,quantum computer
result,is achieved via,multinational collaboration with purdue university published in nature communications
experiments,were performed at,arc centre
ibm,has taken,lead with their quantum computer
hazard,is in,classical computing too
nature,however is governed by,different set of rules
systems,further are designed specifically for,unconstrained optimization
team,recently has successfully demonstrated,spin register
photon,can transmit,information entangled with atom over distance via fiber optic cable
supercomputer,may take,billions of years
simulation,be performed on,classical system
that,does have,real-world applications
researchers,have created,strategies how deal with noise
university,recently received,grant from department
electron,can pass,its quantum information
stability,are vital for,performance of computer
researchers,run algorithms on,module with more qubits including demonstration of quantum error correction routines
qubits,are less noisy than,ones used in experiments
study,is collaboration between,researchers from arc centre based at unsw
transmon,is sort of,artificial atom built from materials
team,has focused,embedded inside silicon chip similar to those used in normal computers
ibm,has just taken,lead with their 17-qubit quantum computer
google,presently are developing,their implementations
lead,is with,their 17-qubit quantum computer
electron,is like,bar magnet with north pole
team,have set,benchmark for quantum computers
qubit,is suspended in,high vacuum
systems,are designed specifically for,quadratic binary optimization
results,were limited to,just few qubits
team,have created,small pyramid structures
team,recently has successfully demonstrated,controllable spin register
scientists,have developed,quantum gate for bit systems made of silicon
interview,was conducted by,mandy bartel
provided,is now offering,some of its enterprise customers ability
improvements,will accelerate,development of quantum-based technologies
systems,are designed for,binary optimization
that,is in,their quantum states for periods
user,tailors measurement instructions to,particular state of qubit
team,has demonstrated,controllable ten-qubit spin register
cause,is interaction of,electron with nuclei of atoms
hybrid,is in,their latest study
device,is based on,widely-used semiconductors
systems,are designed for,quadratic unconstrained binary optimization
use,is in,modern computers
scientists,is latest example of,rochester 's initiative
team,has successfully demonstrated,ten-qubit spin register
institute,developed method together with,colleagues in us
particles,is in,our body obey
spin,is merged with,electromagnetic field
computers,are in,early stages of development
google,presently are developing,their implementations of quantum computers
much,is based on,quantum physics
spin,is likened to,twirling movement of top
influences,can disrupt,quantum properties
mathematicians,are still working on,possible uses
team,had already shown,operation of quantum bit based upon magnetic dipole
scientists,build quantum computers with,much greater efficiency than conventional computers
scientists,is with,university of chicago 's pritzker school of molecular engineering
market,is projected according to,new report from inside quantum technology
team,recently has successfully demonstrated,ten-qubit spin register with quantum memory up to one minute
physicists,have realized,processing unit of quantum computer
team,had already shown,world-first operation of quantum bit based upon magnetic dipole of phosphorus atom
qubits,can exist in,state like classical bits
google,as are startups such as,d-wave systems
design,could have,applications in future quantum information devices
researchers,control number compared to,studies with remarkably high precision
silicon,is at,center of technology with computers
vuckovic,has focused in,her own studies of nearly 20 years
qubits,can reliably store quantum information for,long period
result,is achieved via,multinational collaboration with purdue university
silicon,is with,around five percent
team,has demonstrated,fully controllable ten-qubit spin register with quantum memory
findings,were published in,scientific journal nature communications in june 2018
conjecture,have demonstrated,advantage of quantum computers
improvements,will greatly accelerate,development of technologies
team,is currently working on,experimental demonstration of their ideas
team,recently has successfully demonstrated,fully controllable spin register with quantum memory up
researchers,run algorithms on,module with qubits including demonstration
contact,is with,virtually anything
researchers,can use,laser signals
team,had already shown,operation of quantum bit based upon dipole placed near silicon transistor
number,are acted upon,upon machine
numbers,are key to,cryptography systems due to their difficulty
team,had already shown,world-first operation
scientists,ever highlighted,potential in 1980s
cause,is interaction of,electron with nuclei of atoms in quantum dot
results,will appear,june 19
computers,are predicted,more powerful than computers
study,was published in,journal science
team,has focused,embedded inside silicon chip similar to those
researchers,run algorithms on,module with qubits including demonstration as part
qubits,can be unlike,classical bits
setup,additionally meant unlike,other observational techniques
team,had already shown,operation of quantum bit based upon dipole of phosphorus atom placed near silicon transistor
team,had already shown,operation of quantum bit based upon magnetic dipole of phosphorus atom
collaboration,is with,mónica benito
awschalom,is director of,ucsb 's center for spintronics
users,can develop,quantum projects
amount,is equal for,additional bit
device,is based on,semiconductors with minor modifications
team,had already shown,operation of quantum bit based upon magnetic dipole of phosphorus atom placed near silicon transistor
computer,could exceed,computing power of powerful current computers
team,has observed,unique quantum behaviour of pair of spins in silicon
researchers,successfully coupled,single electron 's spin represented on left to light
scientists,have harnessed,quantum systems
spin,is merged together with,strong field
phys.org,is in,key step building
team,recently has successfully demonstrated,fully controllable spin register with quantum memory
