nanoscale laser, efficiently generates, quantum light
waymo, is looking at, partnering with nissan-renault-mitsubishi alliance
self-driving startup drive.ai, raises, $ 15m product innovation platform
scientists, create,quantum states in everyday electronics
taxi prototype market, is crowded with, mix of startups
hybrid quantum system, combines , nature's quantum building blocks
honeywell s quantum computer , will stack, cloud computer
quantum computers, take, advantage of strange behaviors of subatomic particles
researchers, fabricated quantum dot devices in , new study
charged electrons , are , held around it in three dimensional orbits
researchers, can manipulate atom with , tightly focused laser beams
researchers, are experimenting , artificial atoms
toyota, reveals, gen of its self-driving vehicle platform uber atg
subatomic quantum memory,is in ,diamond
ngo telco ericsson, creates,  things for internet of things
scientists, use , electrons trapped in single atom-sized defect within thin crystal
google, has recently announced , open-source framework
quantum computers, can read , data
lasers ,can lengthen quantum bit memory by ,1000 times
functional quantum computer , would allow , increases for computing tasks
quantum bit , is , electron spin confined to single dot
honeywell, has formed , strategic partnership with jpmorgan chase
researchers, run algorithms on , module with more qubits including demonstration of quantum error correction routines as part of project
phosphorus nuclear spin , loses , quantum information encoded on it in less than second
quantum algorithm , reduces , time required for large calculations by square root of number of entries
researchers, build , useful quantum processor
quantum circuit , is candidate for , experimental realization
quantum effects , were preserved despite , close proximity
microsoft, announced , its quantum computing cloud service azure quantum
researchers, have achieved , quantum logic gate
microsoft , is at , forefront of post quantum cryptographic solutions
researchers, can manipulate , individual atom
tesla , is creating ai chips for ,  their autonomous driving program
silicon structure ,opens gate to ,quantum computers
financing , accounts for , full cost of digital technology
ceo elon musk ,  bragged about ,  strength of tesla armor glass on cybertruck
usb media devices ,  pose ,  cybersecurity threat to wide array of industrial process control networks
quantum mechanics ,enables ,perfectly secure cloud computing
researchers, layered aluminum wires onto , highly ordered silicon crystal
quantum sensors , yield , precise physical measurement data
researchers, constructed , nanophotonic cavity
new quantum bit , retains , quantum information
quantum technology research focus , has established, here in recent years with research building for quantum research under construction at tum
microsoft, designed , special programming language for quantum computers
ibm , envisions , medium-sized quantum processors of 50-100 qubits
electron s quantum information , consists of , nothing more than location of electron in one of two energy pockets in double quantum dot
quantum technology research focus , has established, in years with new research building for quantum research
quantum dot structure , was fabricated on , semiconductor layer
quantum computers, increase, accuracy of forecasts
quantum integrated circuit ,is with ,quantum dot on cmos chip
quantum processor , is housed at , ibm t.j. watson research center in york
atos, extends, partnership working on iot systems
ibm, now has , version for clients including jp chase
quantum computing , may revolutionize , information processing
single nuclei ,offer ,quantum computing building block
microsoft ,  recommends approach beyond ,  hardware protection of firmware featured in secured-core pcs
scientists, preserve , quirky diversity of subatomic realm
quantum computers , would work alongside , devices
quantum distribution, adds, coding of key distribution to public encryption
ibm,sells use of its 17-qubit quantum computer over ,cloud
cqc2t s quantum computing effort , is creating , solid-state devices in silicon
multi-purpose silicon chip , is created for ,quantum information processing
scientists, use quantum systems for , logical calculations
tesla ,  is expanding into ,  products including solar panels
google, has reached , quantum supremacy
programmable ions ,set stage for ,general-purpose quantum computers
unsw team , had already shown , operation of quantum bit based upon magnetic dipole of phosphorus atom placed near silicon transistor
technological advancements , are creating , opportunities for individual manufacturers
quantum computing playground , has , quantum gates built into scripting language itself
researchers, have demonstrated , new level of control over photons
quantum simulations , are proving , their worth even on small quantum computers available
researchers ,reach ,milestone in quantum standardization
fujitsu laboratories ,begin ,research on algorithms with error suppression for quantum computing
physicists ,get ,thousands of semiconductor nuclei
optical cavities ,could make ,quantum networks possible
quantum computers , have , extraordinary potential for future computing
quantum theory , found , many applications in daily life
connected vehicle , generate amount to , tune of 280 petabytes annually
uber ,  acquired motors for ,  reported $ 680 million
ptc, introduces, new generation of iot applications
diamonds ,are ,quantum computer s best friend
ibm ,gives ,public cloud access
researchers, understand , physical properties of extremely small particles
industry 4.0 trends ,  require ,  new more sophisticated levels of collaboration
walmart, is testing for, retail innovation
scientists , adjusted , various gate voltages
rockwell automation ,  debuts control products at ,  hannover messe
uber ,  resumed ,  testing of vehicles on roads
physicists ,identify ,room temperature quantum bits
single atoms ,is in ,silicon
uber ,  predicts ,  pedestrian behavior
quantum computing ,is available to ,everyone
quantum computers , use , subatomic physical processes
quantum computer , consists of , billions of quantum systems
jpmorgan, is also part of , ibm quantum ecosystem
quantum computers , beat , classical computers
siemens plm ,  releases ,  end-to-end simulation platform
small-talk ,could have ,big impact on quantum computing
quantum distribution , adds , coding of key distribution to public encryption
researchers, applied , statistical method associated with machine learning
amazon ,  unveiled robocar in ,  las vegas
researchers , directed , high-frequency waves
quantum computers , deliver , exponential increase in processing power
microsoft, is at , forefront of developing post quantum cryptographic solutions
ibm, launched , world s commercial quantum computer
scientists, demonstrate , required tunability of circuit
quantum developer tools ,delivering ,access to quantum systems
physicists ,control states in ,diamond
siemens financial services , removing , need for purchase
silicon qubits , integrate , quantum computing
azure quantum, is , full open cloud ecosystem for quantum development
quantum computers , would work alongside , classical devices
taxis, bring speedbumps controller considerations for, small assembly robots
quantum computers , concurrently perform , operations on datasets
microsoft , has , at least one partner involved in azure quantum
amazon ,  is testing ,  its scout delivery robot
developer tools , are delivering ,access to quantum systems
microsoft ,  recommends ,  defense-in-depth approach including security review
scientists ,demonstrate ,one largest quantum simulators
quantum computers , can stop , potential pandemic
quantum computing , was , proposed by richard feynman in 1982
researchers, control , behaviour of first qubit
ibm,gives cloud access to ,new 5-qubit quantum computer
fujitsu , similarly offers , cloud access to their annealer system
researchers, are combining power with , security of quantum cryptography
quantum dances ,is in ,unison
quantum researchers , develop , next-generation batteries for electric vehicles
scientists, build quantum computers with , much greater efficiency
carbon-13 nuclei , is in , diamond
google, are developing , their implementations of quantum computers
tesla ,  was producing ,  1000 vehicles
silicon structure,can control ,quantum behaviour
single spinning nuclei ,offer ,stable quantum computing building block
researchers, confirmed , excitation of quantum states
quantum key distribution , adds , unbreakable coding of distribution to key encryption
suzuki, is in, dutch emissions data
microsoft, are currently allowing to , experiment with quantum cloud computing
google, has , 72-qubit quantum computer
fujitsu laboratories , endeavor , quantum benchmark
advanced companies ,  announces ,  $ 1.5 b vehicle tech fund
nuclei ,offer ,stable quantum computing building block
honeywell ,takes ,lead with industry s powerful quantum computer
silicon qubits ,integrate ,quantum computing
tesla's autopilot tool ,  is generally considered ,  gold standard in vehicles
scientists ,demonstrate ,one of largest quantum simulators
classical computer , uses bits as , basic units for calculation processes
tesla, has, battery revolution
artificial atoms ,create ,stable qubits for quantum computing
taxis, bring speedbumps controller considerations for, assembly robots
quantum benchmark , is provider for , error characterization
quantum computing platform , will allow , work with individual quantum bits
end-to-end cloud ecosystem , brings , tools of quantum computing
physicists ,identify ,room temperature quantum bits in silicon carbide
manufacturers ,  must prioritise ,  cybersecurity awareness amongst employees
quantum internet , is with , combined optical technique
physicists, created , lateral few-electron single quantum dots
amazon ,  has invested ,  $ 700 million in tesla competitor
microsoft windows ,  bring robot operating system to ,  windows 10
carbon-13 atoms , create , quantum memory
azure quantum , is , end-to-end cloud ecosystem
quantum computers , are good at , parallel data crunching
america ,  leads ,  internet of things in logistics market
quantum computing ,will bring ,immense processing possibilities
several quantum information experiments , are using , nearly 100000 different re-programmed settings
raytheon, confirms, $ 1 billion cyber deal after protests
quantum mechanics ,enables ,secure cloud computing
physicists,have realized,processing unit of computer
researchers,are talking about,approximate quantum computing
electrons,are held in,three dimensional orbits
photon,can transmit,information entangled over distance via fiber optic cable
qubits,can reliably store quantum information for,long period of time
qubits,can exist in,state like classical bits
computer,uses bits as,units for calculation processes
microwaves,are affected by,spin states in cavity
development,is considered,advancement in computer processing
supercomputers,are still very powerful compared to,quantum computers
computers,are predicted,far more powerful than computers based on classical physics
mathematicians,are still working on,possible uses for quantum system
transistor,is in,conventional computer
researchers,have created,strategies deal with noise
photon,can transmit,information entangled with atom over long distance
samsung,is working with,q system one over cloud
scientists,have developed,stable quantum gate for two-quantum bit systems made of silicon
techrepublic,has cheat sheet for,more information on how d-wave products differ from other quantum computers
researchers,have developed,first programmable five qubit computer
researchers,further develop,blind quantum computing protocols for new applications
researchers,have set,stages of quantum internet development
scientists,control qubits with,engineered network
scientists,have simulated,initial steps of reaction mechanism in lithium
scientists,have developed,topological photonic chip
physicists,have implemented,first demonstration of quantum coherence
physicists,can now determine,quantum entanglement of many particle systems
crystal,was used as,source of photons
molecular,eliminate decoherence because of,their purity
qubits,are as,temperamental as high performance race cars
accenture,typically works with,implementations for large companies
google,have worked on,code designed for quantum machine
researchers,ultimately allowing,deposition of gate dielectrics on 2-d semiconductors
researchers,subsequently also devised,set of equations to filter out effect over time period
iiot,is impacting,everything from quality assurance to productivity